{
 "1": {
  "precision": [
   0.0625,
   0.0625,
   0.0625,
   0.06247781327653533,
   0.062453715132066163,
   0.06242744743970076,
   0.06239870340356564,
   0.06236711552090716,
   0.062332239785266925,
   0.06229353468617272,
   0.062250332889480696,
   0.06220180243859339,
   0.06214689265536723,
   0.062084257206208436,
   0.06201214223764094,
   0.06192821956368755,
   0.06182933060807357,
   0.061711079943899017,
   0.06156716417910448,
   0.06138821067317754,
   0.06115965051628277,
   0.06085753803596127,
   0.06043956043956043,
   0.059823249490142755,
   0.058823529411764705,
   0.058823529411764705,
   0.058823529411764705
  ],
  "recall": [
   1.0,
   1.0,
   1.0,
   0.96,
   0.92,
   0.88,
   0.84,
   0.8,
   0.76,
   0.72,
   0.68,
   0.64,
   0.6,
   0.56,
   0.52,
   0.48,
   0.44,
   0.4,
   0.36,
   0.32,
   0.28,
   0.24,
   0.2,
   0.16,
   0.12,
   0.12,
   0.0
  ],
  "logit_threshold": [
   0.006782284292859325,
   0.006782284292859325,
   0.006782284292859325,
   0.006782284292859325,
   0.006782284292859325,
   0.006782284292859325,
   0.006782284292859325,
   0.006782284292859325,
   0.006782284292859325,
   0.006782284292859325,
   0.006782284292859325,
   0.006782284292859325,
   0.006782284292859325,
   0.006782284292859325,
   0.006782284292859325,
   0.006782284292859325,
   0.006782284292859325,
   0.006782284292859325,
   0.006782284292859325,
   0.006782284292859325,
   0.006782284292859325,
   0.006782284292859325,
   0.006782284292859325,
   0.006782284292859325,
   0.006782284292859325,
   0.9001888480666965,
   0.9001888480666965
  ],
  "auc": 0.061411294122502846,
  "random_auc": 0.0625
 }
}