{
 "1": {
  "precision": [
   0.0625,
   0.0625,
   0.0625,
   0.06237992993558594,
   0.0622499411626265,
   0.06210875168773782,
   0.061954848640328374,
   0.06178643384822028,
   0.06160135325627291,
   0.06139700430075634,
   0.061170212765957445,
   0.060917066710809466,
   0.060632688927943754,
   0.060310919647874134,
   0.059943865276663996,
   0.05952124218244555,
   0.05902939804013066,
   0.05844980940279543,
   0.05775669642857144,
   0.05691308382307455,
   0.055863983344899386,
   0.05452390359541683,
   0.052752293577981654,
   0.05030071077091307,
   0.04668470906630581,
   0.04081632653061225,
   0.04081632653061224,
   0.04081632653061224
  ],
  "recall": [
   1.0,
   1.0,
   1.0,
   0.96,
   0.9199999999999999,
   0.88,
   0.84,
   0.7999999999999999,
   0.76,
   0.72,
   0.6799999999999999,
   0.64,
   0.6,
   0.5599999999999999,
   0.52,
   0.48000000000000004,
   0.44,
   0.4,
   0.36000000000000004,
   0.32,
   0.28,
   0.24,
   0.2,
   0.16,
   0.12,
   0.08,
   0.08,
   0.0
  ],
  "logit_threshold": [
   0.0035582946843711214,
   0.0035582946843711214,
   0.0035582946843711214,
   0.0035582946843711214,
   0.0035582946843711214,
   0.0035582946843711214,
   0.0035582946843711214,
   0.0035582946843711214,
   0.0035582946843711214,
   0.0035582946843711214,
   0.0035582946843711214,
   0.0035582946843711214,
   0.0035582946843711214,
   0.0035582946843711214,
   0.0035582946843711214,
   0.0035582946843711214,
   0.0035582946843711214,
   0.0035582946843711214,
   0.0035582946843711214,
   0.0035582946843711214,
   0.0035582946843711214,
   0.0035582946843711214,
   0.0035582946843711214,
   0.0035582946843711214,
   0.0035582946843711214,
   0.0035582946843711214,
   0.9136868012847289,
   0.9136868012847289
  ],
  "auc": 0.05686158650879368,
  "random_auc": 0.0625
 }
}