{
 "1": {
  "precision": [
   0.0625,
   0.0625,
   0.0625,
   0.06235174517112843,
   0.06219139430989889,
   0.06201740409363892,
   0.061827956989247305,
   0.06162089752176825,
   0.061393649901657764,
   0.06114311032343819,
   0.06086550435865505,
   0.060556195491196306,
   0.06020942408376963,
   0.059817945383615075,
   0.05937251787132645,
   0.058861164427383234,
   0.05826807922616307,
   0.05757196495619525,
   0.05674342105263158,
   0.055740684641017876,
   0.05450236966824645,
   0.052934407364787106,
   0.050884955752212385,
   0.04809200209095661,
   0.044061302681992334,
   0.03773584905660377,
   0.03773584905660377,
   0.03773584905660377
  ],
  "recall": [
   1.0,
   1.0,
   1.0,
   0.96,
   0.9199999999999999,
   0.88,
   0.84,
   0.7999999999999999,
   0.76,
   0.72,
   0.6799999999999999,
   0.64,
   0.6,
   0.5599999999999999,
   0.52,
   0.48000000000000004,
   0.44,
   0.4,
   0.36000000000000004,
   0.32,
   0.28,
   0.24,
   0.2,
   0.16,
   0.12,
   0.08,
   0.08,
   0.0
  ],
  "logit_threshold": [
   0.005631287165218645,
   0.005631287165218645,
   0.005631287165218645,
   0.005631287165218645,
   0.005631287165218645,
   0.005631287165218645,
   0.005631287165218645,
   0.005631287165218645,
   0.005631287165218645,
   0.005631287165218645,
   0.005631287165218645,
   0.005631287165218645,
   0.005631287165218645,
   0.005631287165218645,
   0.005631287165218645,
   0.005631287165218645,
   0.005631287165218645,
   0.005631287165218645,
   0.005631287165218645,
   0.005631287165218645,
   0.005631287165218645,
   0.005631287165218645,
   0.005631287165218645,
   0.005631287165218645,
   0.005631287165218645,
   0.005631287165218645,
   0.9124447233807,
   0.9124447233807
  ],
  "auc": 0.055864708800097425,
  "random_auc": 0.0625
 }
}