{
 "1": {
  "precision": [
   0.065,
   0.065,
   0.065,
   0.06497175141242938,
   0.06494117647058824,
   0.0649079754601227,
   0.06487179487179487,
   0.06483221476510068,
   0.0647887323943662,
   0.06474074074074074,
   0.0646875,
   0.06462809917355372,
   0.06456140350877193,
   0.06448598130841122,
   0.0644,
   0.0643010752688172,
   0.0641860465116279,
   0.0640506329113924,
   0.06388888888888888,
   0.06369230769230769,
   0.06344827586206896,
   0.06313725490196079,
   0.06272727272727273,
   0.062162162162162166,
   0.06133333333333334,
   0.060000000000000005,
   0.06,
   0.06
  ],
  "recall": [
   1.0,
   1.0,
   1.0,
   0.9615384615384617,
   0.9230769230769231,
   0.8846153846153847,
   0.8461538461538463,
   0.8076923076923077,
   0.7692307692307693,
   0.7307692307692308,
   0.6923076923076924,
   0.653846153846154,
   0.6153846153846154,
   0.576923076923077,
   0.5384615384615385,
   0.5,
   0.46153846153846156,
   0.42307692307692313,
   0.3846153846153847,
   0.34615384615384615,
   0.3076923076923077,
   0.2692307692307693,
   0.23076923076923078,
   0.19230769230769232,
   0.15384615384615385,
   0.11538461538461539,
   0.11538461538461539,
   0.0
  ],
  "logit_threshold": [
   0.015378750198817286,
   0.015378750198817286,
   0.015378750198817286,
   0.015378750198817286,
   0.015378750198817286,
   0.015378750198817286,
   0.015378750198817286,
   0.015378750198817286,
   0.015378750198817286,
   0.015378750198817286,
   0.015378750198817286,
   0.015378750198817286,
   0.015378750198817286,
   0.015378750198817286,
   0.015378750198817286,
   0.015378750198817286,
   0.015378750198817286,
   0.015378750198817286,
   0.015378750198817286,
   0.015378750198817286,
   0.015378750198817286,
   0.015378750198817286,
   0.015378750198817286,
   0.015378750198817286,
   0.015378750198817286,
   0.015378750198817286,
   0.9028474985368179,
   0.9028474985368179
  ],
  "auc": 0.06354787001406584,
  "random_auc": 0.065
 }
}