{
 "1": {
  "precision": [
   0.0675,
   0.0675,
   0.0675,
   0.06715132963458963,
   0.06677878907795806,
   0.066379840196681,
   0.06595157179269329,
   0.06549062844542447,
   0.06499312242090785,
   0.06445452375268561,
   0.0638695219123506,
   0.06323185011709602,
   0.06253405994550408,
   0.06176722905347441,
   0.06092057761732852,
   0.059980958425896534,
   0.05893216924110141,
   0.057754010695187166,
   0.0564209726443769,
   0.05490036600244002,
   0.0531496062992126,
   0.05111216280170374,
   0.048711340206185574,
   0.04584040747028862,
   0.04234629861982434,
   0.03800140745953554,
   0.03245192307692307,
   0.025116279069767444,
   0.014966740576496673,
   0.0,
   0.0,
   0.0
  ],
  "recall": [
   1.0,
   1.0,
   1.0,
   0.9629629629629629,
   0.9259259259259258,
   0.8888888888888888,
   0.8518518518518519,
   0.8148148148148148,
   0.7777777777777777,
   0.7407407407407407,
   0.7037037037037037,
   0.6666666666666666,
   0.6296296296296295,
   0.5925925925925926,
   0.5555555555555556,
   0.5185185185185185,
   0.48148148148148145,
   0.4444444444444444,
   0.4074074074074074,
   0.37037037037037035,
   0.3333333333333333,
   0.2962962962962963,
   0.25925925925925924,
   0.2222222222222222,
   0.18518518518518517,
   0.14814814814814814,
   0.1111111111111111,
   0.07407407407407407,
   0.037037037037037035,
   0.0,
   0.0,
   0.0
  ],
  "logit_threshold": [
   0.005131505832784641,
   0.005131505832784641,
   0.005131505832784641,
   0.005131505832784641,
   0.005131505832784641,
   0.005131505832784641,
   0.005131505832784641,
   0.005131505832784641,
   0.005131505832784641,
   0.005131505832784641,
   0.005131505832784641,
   0.005131505832784641,
   0.005131505832784641,
   0.005131505832784641,
   0.005131505832784641,
   0.005131505832784641,
   0.005131505832784641,
   0.005131505832784641,
   0.005131505832784641,
   0.005131505832784641,
   0.005131505832784641,
   0.005131505832784641,
   0.005131505832784641,
   0.005131505832784641,
   0.005131505832784641,
   0.005131505832784641,
   0.005131505832784641,
   0.005131505832784641,
   0.005131505832784641,
   0.005131505832784641,
   0.9158647958753234,
   0.9158647958753234
  ],
  "auc": 0.05359102542798641,
  "random_auc": 0.0675
 }
}